"fullpath","name","extension","size","type","level","creation_date","modification_date","created_by","last_edited_by"
"C:\Users\abc_0\Documents\Temp\Compiled","Compiled","","0","folder","1","28/03/2024 15:34:50","28/03/2024 17:19:38",,
"C:\Users\abc_0\Documents\Temp\Data","Data","","0","folder","1","22/01/2024 13:50:01","23/01/2024 12:05:01",,
"C:\Users\abc_0\Documents\Temp\Sydeo","Sydeo","","0","folder","1","16/01/2024 23:30:25","16/01/2024 23:40:52",,
"C:\Users\abc_0\Documents\Temp\Compiled\Project.zip","Project.zip",".zip","912193883","file","2","28/03/2024 16:12:49","28/03/2024 16:12:48",,
"C:\Users\abc_0\Documents\Temp\Compiled\Project2.zip","Project2.zip",".zip","912193879","file","2","28/03/2024 17:19:38","28/03/2024 17:19:38",,
"C:\Users\abc_0\Documents\Temp\Data\N42E006.hgt","N42E006.hgt",".hgt","25934402","file","2","22/01/2024 13:56:12","22/01/2024 13:56:12",,
"C:\Users\abc_0\Documents\Temp\Data\N42E006.hgt.aux.xml","N42E006.hgt.aux.xml",".xml","477","file","2","23/01/2024 12:04:58","23/01/2024 12:04:58",,
"C:\Users\abc_0\Documents\Temp\Data\N42E008.hgt","N42E008.hgt",".hgt","25934402","file","2","22/01/2024 13:56:12","22/01/2024 13:56:12",,
"C:\Users\abc_0\Documents\Temp\Data\N42E008.hgt.aux.xml","N42E008.hgt.aux.xml",".xml","478","file","2","23/01/2024 12:04:58","23/01/2024 12:04:58",,
"C:\Users\abc_0\Documents\Temp\Data\N42E009.hgt","N42E009.hgt",".hgt","25934402","file","2","22/01/2024 13:56:14","22/01/2024 13:56:14",,
"C:\Users\abc_0\Documents\Temp\Data\N42E009.hgt.aux.xml","N42E009.hgt.aux.xml",".xml","477","file","2","23/01/2024 12:04:58","23/01/2024 12:04:58",,
"C:\Users\abc_0\Documents\Temp\Data\N42E010.hgt","N42E010.hgt",".hgt","25934402","file","2","22/01/2024 13:56:13","22/01/2024 13:56:13",,
"C:\Users\abc_0\Documents\Temp\Data\N42E010.hgt.aux.xml","N42E010.hgt.aux.xml",".xml","477","file","2","23/01/2024 12:04:58","23/01/2024 12:04:58",,
"C:\Users\abc_0\Documents\Temp\Data\N42E011.hgt","N42E011.hgt",".hgt","25934402","file","2","22/01/2024 13:56:15","22/01/2024 13:56:15",,
"C:\Users\abc_0\Documents\Temp\Data\N42E011.hgt.aux.xml","N42E011.hgt.aux.xml",".xml","478","file","2","23/01/2024 12:04:58","23/01/2024 12:04:58",,
"C:\Users\abc_0\Documents\Temp\Data\N42E012.hgt","N42E012.hgt",".hgt","25934402","file","2","22/01/2024 13:56:15","22/01/2024 13:56:16",,
"C:\Users\abc_0\Documents\Temp\Data\N42E012.hgt.aux.xml","N42E012.hgt.aux.xml",".xml","477","file","2","23/01/2024 12:04:58","23/01/2024 12:04:58",,
"C:\Users\abc_0\Documents\Temp\Data\N42E013.hgt","N42E013.hgt",".hgt","25934402","file","2","22/01/2024 13:56:14","22/01/2024 13:56:15",,
"C:\Users\abc_0\Documents\Temp\Data\N42E013.hgt.aux.xml","N42E013.hgt.aux.xml",".xml","477","file","2","23/01/2024 12:04:58","23/01/2024 12:04:58",,
"C:\Users\abc_0\Documents\Temp\Data\N42E014.hgt","N42E014.hgt",".hgt","25934402","file","2","22/01/2024 13:56:15","22/01/2024 13:56:15",,
"C:\Users\abc_0\Documents\Temp\Data\N42E014.hgt.aux.xml","N42E014.hgt.aux.xml",".xml","478","file","2","23/01/2024 12:04:58","23/01/2024 12:04:58",,
"C:\Users\abc_0\Documents\Temp\Data\N42E015.hgt","N42E015.hgt",".hgt","25934402","file","2","22/01/2024 13:56:14","22/01/2024 13:56:14",,
"C:\Users\abc_0\Documents\Temp\Data\N42E015.hgt.aux.xml","N42E015.hgt.aux.xml",".xml","479","file","2","23/01/2024 12:04:58","23/01/2024 12:04:58",,
"C:\Users\abc_0\Documents\Temp\Data\N42W009.hgt","N42W009.hgt",".hgt","25934402","file","2","22/01/2024 13:56:13","22/01/2024 13:56:13",,
"C:\Users\abc_0\Documents\Temp\Data\N42W009.hgt.aux.xml","N42W009.hgt.aux.xml",".xml","478","file","2","23/01/2024 12:04:58","23/01/2024 12:04:58",,
"C:\Users\abc_0\Documents\Temp\Data\N43E000.hgt","N43E000.hgt",".hgt","25934402","file","2","22/01/2024 13:56:23","22/01/2024 13:56:23",,
"C:\Users\abc_0\Documents\Temp\Data\N43E000.hgt.aux.xml","N43E000.hgt.aux.xml",".xml","478","file","2","23/01/2024 12:04:58","23/01/2024 12:04:58",,
"C:\Users\abc_0\Documents\Temp\Data\N43E001.hgt","N43E001.hgt",".hgt","25934402","file","2","22/01/2024 13:56:20","22/01/2024 13:56:20",,
"C:\Users\abc_0\Documents\Temp\Data\N43E001.hgt.aux.xml","N43E001.hgt.aux.xml",".xml","477","file","2","23/01/2024 12:04:58","23/01/2024 12:04:58",,
"C:\Users\abc_0\Documents\Temp\Data\N43E002.hgt","N43E002.hgt",".hgt","25934402","file","2","22/01/2024 13:56:23","22/01/2024 13:56:23",,
"C:\Users\abc_0\Documents\Temp\Data\N43E002.hgt.aux.xml","N43E002.hgt.aux.xml",".xml","479","file","2","23/01/2024 12:04:58","23/01/2024 12:04:58",,
"C:\Users\abc_0\Documents\Temp\Data\N43E003.hgt","N43E003.hgt",".hgt","25934402","file","2","22/01/2024 13:56:28","22/01/2024 13:56:28",,
"C:\Users\abc_0\Documents\Temp\Data\N43E003.hgt.aux.xml","N43E003.hgt.aux.xml",".xml","478","file","2","23/01/2024 12:04:58","23/01/2024 12:04:58",,
"C:\Users\abc_0\Documents\Temp\Data\N43E004.hgt","N43E004.hgt",".hgt","25934402","file","2","22/01/2024 13:56:25","22/01/2024 13:56:25",,
"C:\Users\abc_0\Documents\Temp\Data\N43E004.hgt.aux.xml","N43E004.hgt.aux.xml",".xml","478","file","2","23/01/2024 12:04:58","23/01/2024 12:04:58",,
"C:\Users\abc_0\Documents\Temp\Data\N43E005.hgt","N43E005.hgt",".hgt","25934402","file","2","22/01/2024 13:56:24","22/01/2024 13:56:25",,
"C:\Users\abc_0\Documents\Temp\Data\N43E005.hgt.aux.xml","N43E005.hgt.aux.xml",".xml","479","file","2","23/01/2024 12:04:58","23/01/2024 12:04:58",,
"C:\Users\abc_0\Documents\Temp\Data\N43E006.hgt","N43E006.hgt",".hgt","25934402","file","2","22/01/2024 13:56:26","22/01/2024 13:56:27",,
"C:\Users\abc_0\Documents\Temp\Data\N43E006.hgt.aux.xml","N43E006.hgt.aux.xml",".xml","478","file","2","23/01/2024 12:04:58","23/01/2024 12:04:58",,
"C:\Users\abc_0\Documents\Temp\Data\N43E007.hgt","N43E007.hgt",".hgt","25934402","file","2","22/01/2024 13:56:24","22/01/2024 13:56:24",,
"C:\Users\abc_0\Documents\Temp\Data\N43E007.hgt.aux.xml","N43E007.hgt.aux.xml",".xml","477","file","2","23/01/2024 12:04:58","23/01/2024 12:04:58",,
"C:\Users\abc_0\Documents\Temp\Data\N43E008.hgt","N43E008.hgt",".hgt","25934402","file","2","22/01/2024 13:56:25","22/01/2024 13:56:25",,
"C:\Users\abc_0\Documents\Temp\Data\N43E008.hgt.aux.xml","N43E008.hgt.aux.xml",".xml","475","file","2","23/01/2024 12:04:58","23/01/2024 12:04:58",,
"C:\Users\abc_0\Documents\Temp\Data\N43E009.hgt","N43E009.hgt",".hgt","25934402","file","2","22/01/2024 13:56:26","22/01/2024 13:56:26",,
"C:\Users\abc_0\Documents\Temp\Data\N43E009.hgt.aux.xml","N43E009.hgt.aux.xml",".xml","478","file","2","23/01/2024 12:04:58","23/01/2024 12:04:58",,
"C:\Users\abc_0\Documents\Temp\Data\N43E010.hgt","N43E010.hgt",".hgt","25934402","file","2","22/01/2024 13:56:31","22/01/2024 13:56:31",,
"C:\Users\abc_0\Documents\Temp\Data\N43E010.hgt.aux.xml","N43E010.hgt.aux.xml",".xml","478","file","2","23/01/2024 12:04:58","23/01/2024 12:04:58",,
"C:\Users\abc_0\Documents\Temp\Data\N43E011.hgt","N43E011.hgt",".hgt","25934402","file","2","22/01/2024 13:56:33","22/01/2024 13:56:33",,
"C:\Users\abc_0\Documents\Temp\Data\N43E011.hgt.aux.xml","N43E011.hgt.aux.xml",".xml","477","file","2","23/01/2024 12:04:58","23/01/2024 12:04:58",,
"C:\Users\abc_0\Documents\Temp\Data\N43E012.hgt","N43E012.hgt",".hgt","25934402","file","2","22/01/2024 13:56:32","22/01/2024 13:56:32",,
"C:\Users\abc_0\Documents\Temp\Data\N43E012.hgt.aux.xml","N43E012.hgt.aux.xml",".xml","477","file","2","23/01/2024 12:04:58","23/01/2024 12:04:58",,
"C:\Users\abc_0\Documents\Temp\Data\N43E013.hgt","N43E013.hgt",".hgt","25934402","file","2","22/01/2024 13:56:29","22/01/2024 13:56:30",,
"C:\Users\abc_0\Documents\Temp\Data\N43E013.hgt.aux.xml","N43E013.hgt.aux.xml",".xml","477","file","2","23/01/2024 12:04:58","23/01/2024 12:04:58",,
"C:\Users\abc_0\Documents\Temp\Data\N43E015.hgt","N43E015.hgt",".hgt","25934402","file","2","22/01/2024 13:56:29","22/01/2024 13:56:29",,
"C:\Users\abc_0\Documents\Temp\Data\N43E015.hgt.aux.xml","N43E015.hgt.aux.xml",".xml","477","file","2","23/01/2024 12:04:58","23/01/2024 12:04:58",,
"C:\Users\abc_0\Documents\Temp\Data\N43W001.hgt","N43W001.hgt",".hgt","25934402","file","2","22/01/2024 13:56:19","22/01/2024 13:56:19",,
"C:\Users\abc_0\Documents\Temp\Data\N43W001.hgt.aux.xml","N43W001.hgt.aux.xml",".xml","477","file","2","23/01/2024 12:04:58","23/01/2024 12:04:58",,
"C:\Users\abc_0\Documents\Temp\Data\N43W002.hgt","N43W002.hgt",".hgt","25934402","file","2","22/01/2024 13:56:21","22/01/2024 13:56:22",,
"C:\Users\abc_0\Documents\Temp\Data\N43W002.hgt.aux.xml","N43W002.hgt.aux.xml",".xml","479","file","2","23/01/2024 12:04:58","23/01/2024 12:04:58",,
"C:\Users\abc_0\Documents\Temp\Data\N43W003.hgt","N43W003.hgt",".hgt","25934402","file","2","22/01/2024 13:56:19","22/01/2024 13:56:19",,
"C:\Users\abc_0\Documents\Temp\Data\N43W003.hgt.aux.xml","N43W003.hgt.aux.xml",".xml","478","file","2","23/01/2024 12:04:58","23/01/2024 12:04:58",,
"C:\Users\abc_0\Documents\Temp\Data\N43W004.hgt","N43W004.hgt",".hgt","25934402","file","2","22/01/2024 13:56:17","22/01/2024 13:56:17",,
"C:\Users\abc_0\Documents\Temp\Data\N43W004.hgt.aux.xml","N43W004.hgt.aux.xml",".xml","477","file","2","23/01/2024 12:04:58","23/01/2024 12:04:58",,
"C:\Users\abc_0\Documents\Temp\Data\N43W005.hgt","N43W005.hgt",".hgt","25934402","file","2","22/01/2024 13:56:20","22/01/2024 13:56:20",,
"C:\Users\abc_0\Documents\Temp\Data\N43W005.hgt.aux.xml","N43W005.hgt.aux.xml",".xml","478","file","2","23/01/2024 12:04:58","23/01/2024 12:04:58",,
"C:\Users\abc_0\Documents\Temp\Data\N43W006.hgt","N43W006.hgt",".hgt","25934402","file","2","22/01/2024 13:56:21","22/01/2024 13:56:21",,
"C:\Users\abc_0\Documents\Temp\Data\N43W006.hgt.aux.xml","N43W006.hgt.aux.xml",".xml","479","file","2","23/01/2024 12:04:58","23/01/2024 12:04:58",,
"C:\Users\abc_0\Documents\Temp\Data\N43W007.hgt","N43W007.hgt",".hgt","25934402","file","2","22/01/2024 13:56:21","22/01/2024 13:56:21",,
"C:\Users\abc_0\Documents\Temp\Data\N43W007.hgt.aux.xml","N43W007.hgt.aux.xml",".xml","478","file","2","23/01/2024 12:04:58","23/01/2024 12:04:58",,
"C:\Users\abc_0\Documents\Temp\Data\N43W008.hgt","N43W008.hgt",".hgt","25934402","file","2","22/01/2024 13:56:17","22/01/2024 13:56:17",,
"C:\Users\abc_0\Documents\Temp\Data\N43W008.hgt.aux.xml","N43W008.hgt.aux.xml",".xml","478","file","2","23/01/2024 12:04:58","23/01/2024 12:04:58",,
"C:\Users\abc_0\Documents\Temp\Data\N43W009.hgt","N43W009.hgt",".hgt","25934402","file","2","22/01/2024 13:56:16","22/01/2024 13:56:17",,
"C:\Users\abc_0\Documents\Temp\Data\N43W009.hgt.aux.xml","N43W009.hgt.aux.xml",".xml","476","file","2","23/01/2024 12:04:58","23/01/2024 12:04:58",,
"C:\Users\abc_0\Documents\Temp\Data\N44E000.hgt","N44E000.hgt",".hgt","25934402","file","2","22/01/2024 13:56:34","22/01/2024 13:56:35",,
"C:\Users\abc_0\Documents\Temp\Data\N44E000.hgt.aux.xml","N44E000.hgt.aux.xml",".xml","476","file","2","23/01/2024 12:04:58","23/01/2024 12:04:58",,
"C:\Users\abc_0\Documents\Temp\Data\N44E001.hgt","N44E001.hgt",".hgt","25934402","file","2","22/01/2024 13:56:36","22/01/2024 13:56:36",,
"C:\Users\abc_0\Documents\Temp\Data\N44E001.hgt.aux.xml","N44E001.hgt.aux.xml",".xml","476","file","2","23/01/2024 12:04:58","23/01/2024 12:04:58",,
"C:\Users\abc_0\Documents\Temp\Data\N44E002.hgt","N44E002.hgt",".hgt","25934402","file","2","22/01/2024 13:56:37","22/01/2024 13:56:37",,
"C:\Users\abc_0\Documents\Temp\Data\N44E002.hgt.aux.xml","N44E002.hgt.aux.xml",".xml","479","file","2","23/01/2024 12:04:58","23/01/2024 12:04:58",,
"C:\Users\abc_0\Documents\Temp\Data\N44E003.hgt","N44E003.hgt",".hgt","25934402","file","2","22/01/2024 13:56:39","22/01/2024 13:56:39",,
"C:\Users\abc_0\Documents\Temp\Data\N44E003.hgt.aux.xml","N44E003.hgt.aux.xml",".xml","479","file","2","23/01/2024 12:04:58","23/01/2024 12:04:58",,
"C:\Users\abc_0\Documents\Temp\Data\N44E004.hgt","N44E004.hgt",".hgt","25934402","file","2","22/01/2024 13:56:38","22/01/2024 13:56:38",,
"C:\Users\abc_0\Documents\Temp\Data\N44E004.hgt.aux.xml","N44E004.hgt.aux.xml",".xml","478","file","2","23/01/2024 12:04:59","23/01/2024 12:04:59",,
"C:\Users\abc_0\Documents\Temp\Data\N44E005.hgt","N44E005.hgt",".hgt","25934402","file","2","22/01/2024 13:56:47","22/01/2024 13:56:47",,
"C:\Users\abc_0\Documents\Temp\Data\N44E005.hgt.aux.xml","N44E005.hgt.aux.xml",".xml","478","file","2","23/01/2024 12:04:59","23/01/2024 12:04:59",,
"C:\Users\abc_0\Documents\Temp\Data\N44E006.hgt","N44E006.hgt",".hgt","25934402","file","2","22/01/2024 13:56:40","22/01/2024 13:56:40",,
"C:\Users\abc_0\Documents\Temp\Data\N44E006.hgt.aux.xml","N44E006.hgt.aux.xml",".xml","478","file","2","23/01/2024 12:04:59","23/01/2024 12:04:59",,
"C:\Users\abc_0\Documents\Temp\Data\N44E007.hgt","N44E007.hgt",".hgt","25934402","file","2","22/01/2024 13:56:41","22/01/2024 13:56:41",,
"C:\Users\abc_0\Documents\Temp\Data\N44E007.hgt.aux.xml","N44E007.hgt.aux.xml",".xml","479","file","2","23/01/2024 12:04:59","23/01/2024 12:04:59",,
"C:\Users\abc_0\Documents\Temp\Data\N44E008.hgt","N44E008.hgt",".hgt","25934402","file","2","22/01/2024 13:56:42","22/01/2024 13:56:42",,
"C:\Users\abc_0\Documents\Temp\Data\N44E008.hgt.aux.xml","N44E008.hgt.aux.xml",".xml","478","file","2","23/01/2024 12:04:59","23/01/2024 12:04:59",,
"C:\Users\abc_0\Documents\Temp\Data\N44E009.hgt","N44E009.hgt",".hgt","25934402","file","2","22/01/2024 13:56:44","22/01/2024 13:56:44",,
"C:\Users\abc_0\Documents\Temp\Data\N44E009.hgt.aux.xml","N44E009.hgt.aux.xml",".xml","478","file","2","23/01/2024 12:04:59","23/01/2024 12:04:59",,
"C:\Users\abc_0\Documents\Temp\Data\N44E010.hgt","N44E010.hgt",".hgt","25934402","file","2","22/01/2024 13:56:45","22/01/2024 13:56:45",,
"C:\Users\abc_0\Documents\Temp\Data\N44E010.hgt.aux.xml","N44E010.hgt.aux.xml",".xml","477","file","2","23/01/2024 12:04:59","23/01/2024 12:04:59",,
"C:\Users\abc_0\Documents\Temp\Data\N44E011.hgt","N44E011.hgt",".hgt","25934402","file","2","22/01/2024 13:56:46","22/01/2024 13:56:46",,
"C:\Users\abc_0\Documents\Temp\Data\N44E011.hgt.aux.xml","N44E011.hgt.aux.xml",".xml","479","file","2","23/01/2024 12:04:59","23/01/2024 12:04:59",,
"C:\Users\abc_0\Documents\Temp\Data\N44E012.hgt","N44E012.hgt",".hgt","25934402","file","2","22/01/2024 13:56:43","22/01/2024 13:56:43",,
"C:\Users\abc_0\Documents\Temp\Data\N44E012.hgt.aux.xml","N44E012.hgt.aux.xml",".xml","478","file","2","23/01/2024 12:04:59","23/01/2024 12:04:59",,
"C:\Users\abc_0\Documents\Temp\Data\N44E013.hgt","N44E013.hgt",".hgt","25934402","file","2","22/01/2024 13:56:44","22/01/2024 13:56:44",,
"C:\Users\abc_0\Documents\Temp\Data\N44E013.hgt.aux.xml","N44E013.hgt.aux.xml",".xml","477","file","2","23/01/2024 12:04:59","23/01/2024 12:04:59",,
"C:\Users\abc_0\Documents\Temp\Data\N44E014.hgt","N44E014.hgt",".hgt","25934402","file","2","22/01/2024 13:56:48","22/01/2024 13:56:48",,
"C:\Users\abc_0\Documents\Temp\Data\N44E014.hgt.aux.xml","N44E014.hgt.aux.xml",".xml","478","file","2","23/01/2024 12:04:59","23/01/2024 12:04:59",,
"C:\Users\abc_0\Documents\Temp\Data\N44E015.hgt","N44E015.hgt",".hgt","25934402","file","2","22/01/2024 13:56:50","22/01/2024 13:56:51",,
"C:\Users\abc_0\Documents\Temp\Data\N44E015.hgt.aux.xml","N44E015.hgt.aux.xml",".xml","478","file","2","23/01/2024 12:04:59","23/01/2024 12:04:59",,
"C:\Users\abc_0\Documents\Temp\Data\N44W001.hgt","N44W001.hgt",".hgt","25934402","file","2","22/01/2024 13:56:35","22/01/2024 13:56:36",,
"C:\Users\abc_0\Documents\Temp\Data\N44W001.hgt.aux.xml","N44W001.hgt.aux.xml",".xml","478","file","2","23/01/2024 12:04:59","23/01/2024 12:04:59",,
"C:\Users\abc_0\Documents\Temp\Data\N44W002.hgt","N44W002.hgt",".hgt","25934402","file","2","22/01/2024 13:56:34","22/01/2024 13:56:34",,
"C:\Users\abc_0\Documents\Temp\Data\N44W002.hgt.aux.xml","N44W002.hgt.aux.xml",".xml","477","file","2","23/01/2024 12:04:59","23/01/2024 12:04:59",,
"C:\Users\abc_0\Documents\Temp\Data\N45E000.hgt","N45E000.hgt",".hgt","25934402","file","2","22/01/2024 13:56:51","22/01/2024 13:56:51",,
"C:\Users\abc_0\Documents\Temp\Data\N45E000.hgt.aux.xml","N45E000.hgt.aux.xml",".xml","477","file","2","23/01/2024 12:04:59","23/01/2024 12:04:59",,
"C:\Users\abc_0\Documents\Temp\Data\N45E001.hgt","N45E001.hgt",".hgt","25934402","file","2","22/01/2024 13:56:52","22/01/2024 13:56:53",,
"C:\Users\abc_0\Documents\Temp\Data\N45E001.hgt.aux.xml","N45E001.hgt.aux.xml",".xml","477","file","2","23/01/2024 12:04:59","23/01/2024 12:04:59",,
"C:\Users\abc_0\Documents\Temp\Data\N45E002.hgt","N45E002.hgt",".hgt","25934402","file","2","22/01/2024 13:56:55","22/01/2024 13:56:56",,
"C:\Users\abc_0\Documents\Temp\Data\N45E002.hgt.aux.xml","N45E002.hgt.aux.xml",".xml","479","file","2","23/01/2024 12:04:59","23/01/2024 12:04:59",,
"C:\Users\abc_0\Documents\Temp\Data\N45E003.hgt","N45E003.hgt",".hgt","25934402","file","2","22/01/2024 13:56:59","22/01/2024 13:56:59",,
"C:\Users\abc_0\Documents\Temp\Data\N45E003.hgt.aux.xml","N45E003.hgt.aux.xml",".xml","479","file","2","23/01/2024 12:04:59","23/01/2024 12:04:59",,
"C:\Users\abc_0\Documents\Temp\Data\N45E004.hgt","N45E004.hgt",".hgt","25934402","file","2","22/01/2024 13:56:56","22/01/2024 13:56:57",,
"C:\Users\abc_0\Documents\Temp\Data\N45E004.hgt.aux.xml","N45E004.hgt.aux.xml",".xml","479","file","2","23/01/2024 12:04:59","23/01/2024 12:04:59",,
"C:\Users\abc_0\Documents\Temp\Data\N45E005.hgt","N45E005.hgt",".hgt","25934402","file","2","22/01/2024 13:57:01","22/01/2024 13:57:02",,
"C:\Users\abc_0\Documents\Temp\Data\N45E005.hgt.aux.xml","N45E005.hgt.aux.xml",".xml","479","file","2","23/01/2024 12:04:59","23/01/2024 12:04:59",,
"C:\Users\abc_0\Documents\Temp\Data\N45E006.hgt","N45E006.hgt",".hgt","25934402","file","2","22/01/2024 13:56:57","22/01/2024 13:56:57",,
"C:\Users\abc_0\Documents\Temp\Data\N45E006.hgt.aux.xml","N45E006.hgt.aux.xml",".xml","479","file","2","23/01/2024 12:04:59","23/01/2024 12:04:59",,
"C:\Users\abc_0\Documents\Temp\Data\N45E007.hgt","N45E007.hgt",".hgt","25934402","file","2","22/01/2024 13:56:58","22/01/2024 13:56:58",,
"C:\Users\abc_0\Documents\Temp\Data\N45E007.hgt.aux.xml","N45E007.hgt.aux.xml",".xml","479","file","2","23/01/2024 12:04:59","23/01/2024 12:04:59",,
"C:\Users\abc_0\Documents\Temp\Data\N45E008.hgt","N45E008.hgt",".hgt","25934402","file","2","22/01/2024 13:57:03","22/01/2024 13:57:04",,
"C:\Users\abc_0\Documents\Temp\Data\N45E008.hgt.aux.xml","N45E008.hgt.aux.xml",".xml","478","file","2","23/01/2024 12:04:59","23/01/2024 12:04:59",,
"C:\Users\abc_0\Documents\Temp\Data\N45E009.hgt","N45E009.hgt",".hgt","25934402","file","2","22/01/2024 13:57:02","22/01/2024 13:57:02",,
"C:\Users\abc_0\Documents\Temp\Data\N45E009.hgt.aux.xml","N45E009.hgt.aux.xml",".xml","477","file","2","23/01/2024 12:04:59","23/01/2024 12:04:59",,
"C:\Users\abc_0\Documents\Temp\Data\N45E010.hgt","N45E010.hgt",".hgt","25934402","file","2","22/01/2024 13:57:05","22/01/2024 13:57:06",,
"C:\Users\abc_0\Documents\Temp\Data\N45E010.hgt.aux.xml","N45E010.hgt.aux.xml",".xml","477","file","2","23/01/2024 12:04:59","23/01/2024 12:04:59",,
"C:\Users\abc_0\Documents\Temp\Data\N45E011.hgt","N45E011.hgt",".hgt","25934402","file","2","22/01/2024 13:57:05","22/01/2024 13:57:05",,
"C:\Users\abc_0\Documents\Temp\Data\N45E011.hgt.aux.xml","N45E011.hgt.aux.xml",".xml","475","file","2","23/01/2024 12:04:59","23/01/2024 12:04:59",,
"C:\Users\abc_0\Documents\Temp\Data\N45E012.hgt","N45E012.hgt",".hgt","25934402","file","2","22/01/2024 13:57:03","22/01/2024 13:57:03",,
"C:\Users\abc_0\Documents\Temp\Data\N45E012.hgt.aux.xml","N45E012.hgt.aux.xml",".xml","479","file","2","23/01/2024 12:04:59","23/01/2024 12:04:59",,
"C:\Users\abc_0\Documents\Temp\Data\N45E013.hgt","N45E013.hgt",".hgt","25934402","file","2","22/01/2024 13:57:08","22/01/2024 13:57:08",,
"C:\Users\abc_0\Documents\Temp\Data\N45E013.hgt.aux.xml","N45E013.hgt.aux.xml",".xml","479","file","2","23/01/2024 12:04:59","23/01/2024 12:04:59",,
"C:\Users\abc_0\Documents\Temp\Data\N45E014.hgt","N45E014.hgt",".hgt","25934402","file","2","22/01/2024 13:57:10","22/01/2024 13:57:11",,
"C:\Users\abc_0\Documents\Temp\Data\N45E014.hgt.aux.xml","N45E014.hgt.aux.xml",".xml","478","file","2","23/01/2024 12:04:59","23/01/2024 12:04:59",,
"C:\Users\abc_0\Documents\Temp\Data\N45E015.hgt","N45E015.hgt",".hgt","25934402","file","2","22/01/2024 13:57:09","22/01/2024 13:57:10",,
"C:\Users\abc_0\Documents\Temp\Data\N45E015.hgt.aux.xml","N45E015.hgt.aux.xml",".xml","478","file","2","23/01/2024 12:04:59","23/01/2024 12:04:59",,
"C:\Users\abc_0\Documents\Temp\Data\N45W001.hgt","N45W001.hgt",".hgt","25934402","file","2","22/01/2024 13:56:52","22/01/2024 13:56:52",,
"C:\Users\abc_0\Documents\Temp\Data\N45W001.hgt.aux.xml","N45W001.hgt.aux.xml",".xml","477","file","2","23/01/2024 12:04:59","23/01/2024 12:04:59",,
"C:\Users\abc_0\Documents\Temp\Data\N45W002.hgt","N45W002.hgt",".hgt","25934402","file","2","22/01/2024 13:56:49","22/01/2024 13:56:49",,
"C:\Users\abc_0\Documents\Temp\Data\N45W002.hgt.aux.xml","N45W002.hgt.aux.xml",".xml","476","file","2","23/01/2024 12:04:59","23/01/2024 12:04:59",,
"C:\Users\abc_0\Documents\Temp\Data\N46E000.hgt","N46E000.hgt",".hgt","25934402","file","2","22/01/2024 13:57:15","22/01/2024 13:57:15",,
"C:\Users\abc_0\Documents\Temp\Data\N46E000.hgt.aux.xml","N46E000.hgt.aux.xml",".xml","477","file","2","23/01/2024 12:04:59","23/01/2024 12:04:59",,
"C:\Users\abc_0\Documents\Temp\Data\N46E001.hgt","N46E001.hgt",".hgt","25934402","file","2","22/01/2024 13:57:14","22/01/2024 13:57:14",,
"C:\Users\abc_0\Documents\Temp\Data\N46E001.hgt.aux.xml","N46E001.hgt.aux.xml",".xml","477","file","2","23/01/2024 12:04:59","23/01/2024 12:04:59",,
"C:\Users\abc_0\Documents\Temp\Data\N46E002.hgt","N46E002.hgt",".hgt","25934402","file","2","22/01/2024 13:57:17","22/01/2024 13:57:17",,
"C:\Users\abc_0\Documents\Temp\Data\N46E002.hgt.aux.xml","N46E002.hgt.aux.xml",".xml","476","file","2","23/01/2024 12:04:59","23/01/2024 12:04:59",,
"C:\Users\abc_0\Documents\Temp\Data\N46E003.hgt","N46E003.hgt",".hgt","25934402","file","2","22/01/2024 13:57:16","22/01/2024 13:57:16",,
"C:\Users\abc_0\Documents\Temp\Data\N46E003.hgt.aux.xml","N46E003.hgt.aux.xml",".xml","479","file","2","23/01/2024 12:04:59","23/01/2024 12:04:59",,
"C:\Users\abc_0\Documents\Temp\Data\N46E004.hgt","N46E004.hgt",".hgt","25934402","file","2","22/01/2024 13:57:18","22/01/2024 13:57:19",,
"C:\Users\abc_0\Documents\Temp\Data\N46E004.hgt.aux.xml","N46E004.hgt.aux.xml",".xml","478","file","2","23/01/2024 12:04:59","23/01/2024 12:04:59",,
"C:\Users\abc_0\Documents\Temp\Data\N46E005.hgt","N46E005.hgt",".hgt","25934402","file","2","22/01/2024 13:57:20","22/01/2024 13:57:20",,
"C:\Users\abc_0\Documents\Temp\Data\N46E005.hgt.aux.xml","N46E005.hgt.aux.xml",".xml","479","file","2","23/01/2024 12:04:59","23/01/2024 12:04:59",,
"C:\Users\abc_0\Documents\Temp\Data\N46E006.hgt","N46E006.hgt",".hgt","25934402","file","2","22/01/2024 13:57:21","22/01/2024 13:57:21",,
"C:\Users\abc_0\Documents\Temp\Data\N46E006.hgt.aux.xml","N46E006.hgt.aux.xml",".xml","478","file","2","23/01/2024 12:04:59","23/01/2024 12:04:59",,
"C:\Users\abc_0\Documents\Temp\Data\N46E007.hgt","N46E007.hgt",".hgt","25934402","file","2","22/01/2024 13:57:22","22/01/2024 13:57:23",,
"C:\Users\abc_0\Documents\Temp\Data\N46E007.hgt.aux.xml","N46E007.hgt.aux.xml",".xml","478","file","2","23/01/2024 12:04:59","23/01/2024 12:04:59",,
"C:\Users\abc_0\Documents\Temp\Data\N46E008.hgt","N46E008.hgt",".hgt","25934402","file","2","22/01/2024 13:57:25","22/01/2024 13:57:26",,
"C:\Users\abc_0\Documents\Temp\Data\N46E008.hgt.aux.xml","N46E008.hgt.aux.xml",".xml","479","file","2","23/01/2024 12:04:59","23/01/2024 12:04:59",,
"C:\Users\abc_0\Documents\Temp\Data\N46E009.hgt","N46E009.hgt",".hgt","25934402","file","2","22/01/2024 13:57:24","22/01/2024 13:57:25",,
"C:\Users\abc_0\Documents\Temp\Data\N46E009.hgt.aux.xml","N46E009.hgt.aux.xml",".xml","479","file","2","23/01/2024 12:04:59","23/01/2024 12:04:59",,
"C:\Users\abc_0\Documents\Temp\Data\N46E010.hgt","N46E010.hgt",".hgt","25934402","file","2","22/01/2024 13:57:27","22/01/2024 13:57:27",,
"C:\Users\abc_0\Documents\Temp\Data\N46E010.hgt.aux.xml","N46E010.hgt.aux.xml",".xml","478","file","2","23/01/2024 12:04:59","23/01/2024 12:04:59",,
"C:\Users\abc_0\Documents\Temp\Data\N46E011.hgt","N46E011.hgt",".hgt","25934402","file","2","22/01/2024 13:57:28","22/01/2024 13:57:29",,
"C:\Users\abc_0\Documents\Temp\Data\N46E011.hgt.aux.xml","N46E011.hgt.aux.xml",".xml","479","file","2","23/01/2024 12:04:59","23/01/2024 12:04:59",,
"C:\Users\abc_0\Documents\Temp\Data\N46E012.hgt","N46E012.hgt",".hgt","25934402","file","2","22/01/2024 13:57:33","22/01/2024 13:57:33",,
"C:\Users\abc_0\Documents\Temp\Data\N46E012.hgt.aux.xml","N46E012.hgt.aux.xml",".xml","478","file","2","23/01/2024 12:04:59","23/01/2024 12:04:59",,
"C:\Users\abc_0\Documents\Temp\Data\N46E013.hgt","N46E013.hgt",".hgt","25934402","file","2","22/01/2024 13:57:30","22/01/2024 13:57:30",,
"C:\Users\abc_0\Documents\Temp\Data\N46E013.hgt.aux.xml","N46E013.hgt.aux.xml",".xml","478","file","2","23/01/2024 12:04:59","23/01/2024 12:04:59",,
"C:\Users\abc_0\Documents\Temp\Data\N46E014.hgt","N46E014.hgt",".hgt","25934402","file","2","22/01/2024 13:57:34","22/01/2024 13:57:35",,
"C:\Users\abc_0\Documents\Temp\Data\N46E014.hgt.aux.xml","N46E014.hgt.aux.xml",".xml","479","file","2","23/01/2024 12:04:59","23/01/2024 12:04:59",,
"C:\Users\abc_0\Documents\Temp\Data\N46E015.hgt","N46E015.hgt",".hgt","25934402","file","2","22/01/2024 13:57:32","22/01/2024 13:57:32",,
"C:\Users\abc_0\Documents\Temp\Data\N46E015.hgt.aux.xml","N46E015.hgt.aux.xml",".xml","479","file","2","23/01/2024 12:04:59","23/01/2024 12:04:59",,
"C:\Users\abc_0\Documents\Temp\Data\N46W001.hgt","N46W001.hgt",".hgt","25934402","file","2","22/01/2024 13:57:13","22/01/2024 13:57:13",,
"C:\Users\abc_0\Documents\Temp\Data\N46W001.hgt.aux.xml","N46W001.hgt.aux.xml",".xml","477","file","2","23/01/2024 12:04:59","23/01/2024 12:04:59",,
"C:\Users\abc_0\Documents\Temp\Data\N46W002.hgt","N46W002.hgt",".hgt","25934402","file","2","22/01/2024 13:57:12","22/01/2024 13:57:12",,
"C:\Users\abc_0\Documents\Temp\Data\N46W002.hgt.aux.xml","N46W002.hgt.aux.xml",".xml","478","file","2","23/01/2024 12:04:59","23/01/2024 12:04:59",,
"C:\Users\abc_0\Documents\Temp\Data\N46W003.hgt","N46W003.hgt",".hgt","25934402","file","2","22/01/2024 13:57:09","22/01/2024 13:57:09",,
"C:\Users\abc_0\Documents\Temp\Data\N46W003.hgt.aux.xml","N46W003.hgt.aux.xml",".xml","477","file","2","23/01/2024 12:04:59","23/01/2024 12:04:59",,
"C:\Users\abc_0\Documents\Temp\Data\N47E000.hgt","N47E000.hgt",".hgt","25934402","file","2","22/01/2024 13:57:40","22/01/2024 13:57:40",,
"C:\Users\abc_0\Documents\Temp\Data\N47E000.hgt.aux.xml","N47E000.hgt.aux.xml",".xml","477","file","2","23/01/2024 12:04:59","23/01/2024 12:04:59",,
"C:\Users\abc_0\Documents\Temp\Data\N47E001.hgt","N47E001.hgt",".hgt","25934402","file","2","22/01/2024 13:57:43","22/01/2024 13:57:43",,
"C:\Users\abc_0\Documents\Temp\Data\N47E001.hgt.aux.xml","N47E001.hgt.aux.xml",".xml","477","file","2","23/01/2024 12:04:59","23/01/2024 12:04:59",,
"C:\Users\abc_0\Documents\Temp\Data\N47E002.hgt","N47E002.hgt",".hgt","25934402","file","2","22/01/2024 13:57:41","22/01/2024 13:57:41",,
"C:\Users\abc_0\Documents\Temp\Data\N47E002.hgt.aux.xml","N47E002.hgt.aux.xml",".xml","477","file","2","23/01/2024 12:04:59","23/01/2024 12:04:59",,
"C:\Users\abc_0\Documents\Temp\Data\N47E003.hgt","N47E003.hgt",".hgt","25934402","file","2","22/01/2024 13:57:46","22/01/2024 13:57:46",,
"C:\Users\abc_0\Documents\Temp\Data\N47E003.hgt.aux.xml","N47E003.hgt.aux.xml",".xml","477","file","2","23/01/2024 12:04:59","23/01/2024 12:04:59",,
"C:\Users\abc_0\Documents\Temp\Data\N47E004.hgt","N47E004.hgt",".hgt","25934402","file","2","22/01/2024 13:57:47","22/01/2024 13:57:47",,
"C:\Users\abc_0\Documents\Temp\Data\N47E004.hgt.aux.xml","N47E004.hgt.aux.xml",".xml","478","file","2","23/01/2024 12:04:59","23/01/2024 12:04:59",,
"C:\Users\abc_0\Documents\Temp\Data\N47E005.hgt","N47E005.hgt",".hgt","25934402","file","2","22/01/2024 13:57:45","22/01/2024 13:57:45",,
"C:\Users\abc_0\Documents\Temp\Data\N47E005.hgt.aux.xml","N47E005.hgt.aux.xml",".xml","478","file","2","23/01/2024 12:04:59","23/01/2024 12:04:59",,
"C:\Users\abc_0\Documents\Temp\Data\N47E006.hgt","N47E006.hgt",".hgt","25934402","file","2","22/01/2024 13:57:48","22/01/2024 13:57:48",,
"C:\Users\abc_0\Documents\Temp\Data\N47E006.hgt.aux.xml","N47E006.hgt.aux.xml",".xml","479","file","2","23/01/2024 12:04:59","23/01/2024 12:04:59",,
"C:\Users\abc_0\Documents\Temp\Data\N47E007.hgt","N47E007.hgt",".hgt","25934402","file","2","22/01/2024 13:57:49","22/01/2024 13:57:50",,
"C:\Users\abc_0\Documents\Temp\Data\N47E007.hgt.aux.xml","N47E007.hgt.aux.xml",".xml","479","file","2","23/01/2024 12:04:59","23/01/2024 12:04:59",,
"C:\Users\abc_0\Documents\Temp\Data\N47E008.hgt","N47E008.hgt",".hgt","25934402","file","2","22/01/2024 13:57:52","22/01/2024 13:57:52",,
"C:\Users\abc_0\Documents\Temp\Data\N47E008.hgt.aux.xml","N47E008.hgt.aux.xml",".xml","479","file","2","23/01/2024 12:04:59","23/01/2024 12:04:59",,
"C:\Users\abc_0\Documents\Temp\Data\N47E009.hgt","N47E009.hgt",".hgt","25934402","file","2","22/01/2024 13:57:53","22/01/2024 13:57:53",,
"C:\Users\abc_0\Documents\Temp\Data\N47E009.hgt.aux.xml","N47E009.hgt.aux.xml",".xml","478","file","2","23/01/2024 12:04:59","23/01/2024 12:04:59",,
"C:\Users\abc_0\Documents\Temp\Data\N47E010.hgt","N47E010.hgt",".hgt","25934402","file","2","22/01/2024 13:57:54","22/01/2024 13:57:55",,
"C:\Users\abc_0\Documents\Temp\Data\N47E010.hgt.aux.xml","N47E010.hgt.aux.xml",".xml","479","file","2","23/01/2024 12:04:59","23/01/2024 12:04:59",,
"C:\Users\abc_0\Documents\Temp\Data\N47E011.hgt","N47E011.hgt",".hgt","25934402","file","2","22/01/2024 13:57:57","22/01/2024 13:57:57",,
"C:\Users\abc_0\Documents\Temp\Data\N47E011.hgt.aux.xml","N47E011.hgt.aux.xml",".xml","479","file","2","23/01/2024 12:04:59","23/01/2024 12:04:59",,
"C:\Users\abc_0\Documents\Temp\Data\N47E012.hgt","N47E012.hgt",".hgt","25934402","file","2","22/01/2024 13:58:05","22/01/2024 13:58:05",,
"C:\Users\abc_0\Documents\Temp\Data\N47E012.hgt.aux.xml","N47E012.hgt.aux.xml",".xml","479","file","2","23/01/2024 12:04:59","23/01/2024 12:04:59",,
"C:\Users\abc_0\Documents\Temp\Data\N47E013.hgt","N47E013.hgt",".hgt","25934402","file","2","22/01/2024 13:58:01","22/01/2024 13:58:01",,
"C:\Users\abc_0\Documents\Temp\Data\N47E013.hgt.aux.xml","N47E013.hgt.aux.xml",".xml","479","file","2","23/01/2024 12:04:59","23/01/2024 12:04:59",,
"C:\Users\abc_0\Documents\Temp\Data\N47E014.hgt","N47E014.hgt",".hgt","25934402","file","2","22/01/2024 13:57:56","22/01/2024 13:57:56",,
"C:\Users\abc_0\Documents\Temp\Data\N47E014.hgt.aux.xml","N47E014.hgt.aux.xml",".xml","479","file","2","23/01/2024 12:04:59","23/01/2024 12:04:59",,
"C:\Users\abc_0\Documents\Temp\Data\N47E015.hgt","N47E015.hgt",".hgt","25934402","file","2","22/01/2024 13:57:58","22/01/2024 13:57:58",,
"C:\Users\abc_0\Documents\Temp\Data\N47E015.hgt.aux.xml","N47E015.hgt.aux.xml",".xml","479","file","2","23/01/2024 12:04:59","23/01/2024 12:04:59",,
"C:\Users\abc_0\Documents\Temp\Data\N47W001.hgt","N47W001.hgt",".hgt","25934402","file","2","22/01/2024 13:57:38","22/01/2024 13:57:39",,
"C:\Users\abc_0\Documents\Temp\Data\N47W001.hgt.aux.xml","N47W001.hgt.aux.xml",".xml","478","file","2","23/01/2024 12:04:59","23/01/2024 12:04:59",,
"C:\Users\abc_0\Documents\Temp\Data\N47W002.hgt","N47W002.hgt",".hgt","25934402","file","2","22/01/2024 13:57:37","22/01/2024 13:57:37",,
"C:\Users\abc_0\Documents\Temp\Data\N47W002.hgt.aux.xml","N47W002.hgt.aux.xml",".xml","478","file","2","23/01/2024 12:04:59","23/01/2024 12:04:59",,
"C:\Users\abc_0\Documents\Temp\Data\N47W003.hgt","N47W003.hgt",".hgt","25934402","file","2","22/01/2024 13:57:38","22/01/2024 13:57:38",,
"C:\Users\abc_0\Documents\Temp\Data\N47W003.hgt.aux.xml","N47W003.hgt.aux.xml",".xml","478","file","2","23/01/2024 12:04:59","23/01/2024 12:04:59",,
"C:\Users\abc_0\Documents\Temp\Data\N47W004.hgt","N47W004.hgt",".hgt","25934402","file","2","22/01/2024 13:57:36","22/01/2024 13:57:36",,
"C:\Users\abc_0\Documents\Temp\Data\N47W004.hgt.aux.xml","N47W004.hgt.aux.xml",".xml","476","file","2","23/01/2024 12:04:59","23/01/2024 12:04:59",,
"C:\Users\abc_0\Documents\Temp\Data\N47W005.hgt","N47W005.hgt",".hgt","25934402","file","2","22/01/2024 13:57:34","22/01/2024 13:57:34",,
"C:\Users\abc_0\Documents\Temp\Data\N47W005.hgt.aux.xml","N47W005.hgt.aux.xml",".xml","477","file","2","23/01/2024 12:05:00","23/01/2024 12:05:00",,
"C:\Users\abc_0\Documents\Temp\Data\N48E000.hgt","N48E000.hgt",".hgt","25934402","file","2","22/01/2024 13:58:09","22/01/2024 13:58:10",,
"C:\Users\abc_0\Documents\Temp\Data\N48E000.hgt.aux.xml","N48E000.hgt.aux.xml",".xml","477","file","2","23/01/2024 12:05:00","23/01/2024 12:05:00",,
"C:\Users\abc_0\Documents\Temp\Data\N48E001.hgt","N48E001.hgt",".hgt","25934402","file","2","22/01/2024 13:58:07","22/01/2024 13:58:07",,
"C:\Users\abc_0\Documents\Temp\Data\N48E001.hgt.aux.xml","N48E001.hgt.aux.xml",".xml","477","file","2","23/01/2024 12:05:00","23/01/2024 12:05:00",,
"C:\Users\abc_0\Documents\Temp\Data\N48E002.hgt","N48E002.hgt",".hgt","25934402","file","2","22/01/2024 13:58:12","22/01/2024 13:58:12",,
"C:\Users\abc_0\Documents\Temp\Data\N48E002.hgt.aux.xml","N48E002.hgt.aux.xml",".xml","477","file","2","23/01/2024 12:05:00","23/01/2024 12:05:00",,
"C:\Users\abc_0\Documents\Temp\Data\N48E003.hgt","N48E003.hgt",".hgt","25934402","file","2","22/01/2024 13:58:11","22/01/2024 13:58:12",,
"C:\Users\abc_0\Documents\Temp\Data\N48E003.hgt.aux.xml","N48E003.hgt.aux.xml",".xml","477","file","2","23/01/2024 12:05:00","23/01/2024 12:05:00",,
"C:\Users\abc_0\Documents\Temp\Data\N48E004.hgt","N48E004.hgt",".hgt","25934402","file","2","22/01/2024 13:58:15","22/01/2024 13:58:15",,
"C:\Users\abc_0\Documents\Temp\Data\N48E004.hgt.aux.xml","N48E004.hgt.aux.xml",".xml","476","file","2","23/01/2024 12:05:00","23/01/2024 12:05:00",,
"C:\Users\abc_0\Documents\Temp\Data\N48E005.hgt","N48E005.hgt",".hgt","25934402","file","2","22/01/2024 13:58:17","22/01/2024 13:58:17",,
"C:\Users\abc_0\Documents\Temp\Data\N48E005.hgt.aux.xml","N48E005.hgt.aux.xml",".xml","478","file","2","23/01/2024 12:05:00","23/01/2024 12:05:00",,
"C:\Users\abc_0\Documents\Temp\Data\N48E006.hgt","N48E006.hgt",".hgt","25934402","file","2","22/01/2024 13:58:18","22/01/2024 13:58:18",,
"C:\Users\abc_0\Documents\Temp\Data\N48E006.hgt.aux.xml","N48E006.hgt.aux.xml",".xml","479","file","2","23/01/2024 12:05:00","23/01/2024 12:05:00",,
"C:\Users\abc_0\Documents\Temp\Data\N48E007.hgt","N48E007.hgt",".hgt","25934402","file","2","22/01/2024 13:58:16","22/01/2024 13:58:16",,
"C:\Users\abc_0\Documents\Temp\Data\N48E007.hgt.aux.xml","N48E007.hgt.aux.xml",".xml","479","file","2","23/01/2024 12:05:00","23/01/2024 12:05:00",,
"C:\Users\abc_0\Documents\Temp\Data\N48E008.hgt","N48E008.hgt",".hgt","25934402","file","2","22/01/2024 13:58:20","22/01/2024 13:58:20",,
"C:\Users\abc_0\Documents\Temp\Data\N48E008.hgt.aux.xml","N48E008.hgt.aux.xml",".xml","478","file","2","23/01/2024 12:05:00","23/01/2024 12:05:00",,
"C:\Users\abc_0\Documents\Temp\Data\N48E009.hgt","N48E009.hgt",".hgt","25934402","file","2","22/01/2024 13:58:19","22/01/2024 13:58:19",,
"C:\Users\abc_0\Documents\Temp\Data\N48E009.hgt.aux.xml","N48E009.hgt.aux.xml",".xml","478","file","2","23/01/2024 12:05:00","23/01/2024 12:05:00",,
"C:\Users\abc_0\Documents\Temp\Data\N48E010.hgt","N48E010.hgt",".hgt","25934402","file","2","22/01/2024 13:58:24","22/01/2024 13:58:24",,
"C:\Users\abc_0\Documents\Temp\Data\N48E010.hgt.aux.xml","N48E010.hgt.aux.xml",".xml","478","file","2","23/01/2024 12:05:00","23/01/2024 12:05:00",,
"C:\Users\abc_0\Documents\Temp\Data\N48E011.hgt","N48E011.hgt",".hgt","25934402","file","2","22/01/2024 13:58:23","22/01/2024 13:58:23",,
"C:\Users\abc_0\Documents\Temp\Data\N48E011.hgt.aux.xml","N48E011.hgt.aux.xml",".xml","478","file","2","23/01/2024 12:05:00","23/01/2024 12:05:00",,
"C:\Users\abc_0\Documents\Temp\Data\N48E012.hgt","N48E012.hgt",".hgt","25934402","file","2","22/01/2024 13:58:25","22/01/2024 13:58:25",,
"C:\Users\abc_0\Documents\Temp\Data\N48E012.hgt.aux.xml","N48E012.hgt.aux.xml",".xml","478","file","2","23/01/2024 12:05:00","23/01/2024 12:05:00",,
"C:\Users\abc_0\Documents\Temp\Data\N48E013.hgt","N48E013.hgt",".hgt","25934402","file","2","22/01/2024 13:58:26","22/01/2024 13:58:27",,
"C:\Users\abc_0\Documents\Temp\Data\N48E013.hgt.aux.xml","N48E013.hgt.aux.xml",".xml","479","file","2","23/01/2024 12:05:00","23/01/2024 12:05:00",,
"C:\Users\abc_0\Documents\Temp\Data\N48E014.hgt","N48E014.hgt",".hgt","25934402","file","2","22/01/2024 13:58:32","22/01/2024 13:58:32",,
"C:\Users\abc_0\Documents\Temp\Data\N48E014.hgt.aux.xml","N48E014.hgt.aux.xml",".xml","479","file","2","23/01/2024 12:05:00","23/01/2024 12:05:00",,
"C:\Users\abc_0\Documents\Temp\Data\N48E015.hgt","N48E015.hgt",".hgt","25934402","file","2","22/01/2024 13:58:28","22/01/2024 13:58:28",,
"C:\Users\abc_0\Documents\Temp\Data\N48E015.hgt.aux.xml","N48E015.hgt.aux.xml",".xml","479","file","2","23/01/2024 12:05:00","23/01/2024 12:05:00",,
"C:\Users\abc_0\Documents\Temp\Data\N48W001.hgt","N48W001.hgt",".hgt","25934402","file","2","22/01/2024 13:58:10","22/01/2024 13:58:10",,
"C:\Users\abc_0\Documents\Temp\Data\N48W001.hgt.aux.xml","N48W001.hgt.aux.xml",".xml","477","file","2","23/01/2024 12:05:00","23/01/2024 12:05:00",,
"C:\Users\abc_0\Documents\Temp\Data\N48W002.hgt","N48W002.hgt",".hgt","25934402","file","2","22/01/2024 13:58:08","22/01/2024 13:58:08",,
"C:\Users\abc_0\Documents\Temp\Data\N48W002.hgt.aux.xml","N48W002.hgt.aux.xml",".xml","477","file","2","23/01/2024 12:05:00","23/01/2024 12:05:00",,
"C:\Users\abc_0\Documents\Temp\Data\N48W003.hgt","N48W003.hgt",".hgt","25934402","file","2","22/01/2024 13:58:04","22/01/2024 13:58:04",,
"C:\Users\abc_0\Documents\Temp\Data\N48W003.hgt.aux.xml","N48W003.hgt.aux.xml",".xml","477","file","2","23/01/2024 12:05:00","23/01/2024 12:05:00",,
"C:\Users\abc_0\Documents\Temp\Data\N48W004.hgt","N48W004.hgt",".hgt","25934402","file","2","22/01/2024 13:58:02","22/01/2024 13:58:02",,
"C:\Users\abc_0\Documents\Temp\Data\N48W004.hgt.aux.xml","N48W004.hgt.aux.xml",".xml","476","file","2","23/01/2024 12:05:00","23/01/2024 12:05:00",,
"C:\Users\abc_0\Documents\Temp\Data\N48W005.hgt","N48W005.hgt",".hgt","25934402","file","2","22/01/2024 13:58:03","22/01/2024 13:58:03",,
"C:\Users\abc_0\Documents\Temp\Data\N48W005.hgt.aux.xml","N48W005.hgt.aux.xml",".xml","477","file","2","23/01/2024 12:05:00","23/01/2024 12:05:00",,
"C:\Users\abc_0\Documents\Temp\Data\N48W006.hgt","N48W006.hgt",".hgt","25934402","file","2","22/01/2024 13:57:59","22/01/2024 13:58:00",,
"C:\Users\abc_0\Documents\Temp\Data\N48W006.hgt.aux.xml","N48W006.hgt.aux.xml",".xml","477","file","2","23/01/2024 12:05:00","23/01/2024 12:05:00",,
"C:\Users\abc_0\Documents\Temp\Data\N49E000.hgt","N49E000.hgt",".hgt","25934402","file","2","22/01/2024 13:58:38","22/01/2024 13:58:38",,
"C:\Users\abc_0\Documents\Temp\Data\N49E000.hgt.aux.xml","N49E000.hgt.aux.xml",".xml","478","file","2","23/01/2024 12:05:00","23/01/2024 12:05:00",,
"C:\Users\abc_0\Documents\Temp\Data\N49E001.hgt","N49E001.hgt",".hgt","25934402","file","2","22/01/2024 13:58:37","22/01/2024 13:58:37",,
"C:\Users\abc_0\Documents\Temp\Data\N49E001.hgt.aux.xml","N49E001.hgt.aux.xml",".xml","477","file","2","23/01/2024 12:05:00","23/01/2024 12:05:00",,
"C:\Users\abc_0\Documents\Temp\Data\N49E002.hgt","N49E002.hgt",".hgt","25934402","file","2","22/01/2024 13:58:40","22/01/2024 13:58:40",,
"C:\Users\abc_0\Documents\Temp\Data\N49E002.hgt.aux.xml","N49E002.hgt.aux.xml",".xml","476","file","2","23/01/2024 12:05:00","23/01/2024 12:05:00",,
"C:\Users\abc_0\Documents\Temp\Data\N49E003.hgt","N49E003.hgt",".hgt","25934402","file","2","22/01/2024 13:58:42","22/01/2024 13:58:42",,
"C:\Users\abc_0\Documents\Temp\Data\N49E003.hgt.aux.xml","N49E003.hgt.aux.xml",".xml","477","file","2","23/01/2024 12:05:00","23/01/2024 12:05:00",,
"C:\Users\abc_0\Documents\Temp\Data\N49E004.hgt","N49E004.hgt",".hgt","25934402","file","2","22/01/2024 13:58:45","22/01/2024 13:58:45",,
"C:\Users\abc_0\Documents\Temp\Data\N49E004.hgt.aux.xml","N49E004.hgt.aux.xml",".xml","477","file","2","23/01/2024 12:05:00","23/01/2024 12:05:00",,
"C:\Users\abc_0\Documents\Temp\Data\N49E005.hgt","N49E005.hgt",".hgt","25934402","file","2","22/01/2024 13:58:43","22/01/2024 13:58:43",,
"C:\Users\abc_0\Documents\Temp\Data\N49E005.hgt.aux.xml","N49E005.hgt.aux.xml",".xml","477","file","2","23/01/2024 12:05:00","23/01/2024 12:05:00",,
"C:\Users\abc_0\Documents\Temp\Data\N49E006.hgt","N49E006.hgt",".hgt","25934402","file","2","22/01/2024 13:58:41","22/01/2024 13:58:41",,
"C:\Users\abc_0\Documents\Temp\Data\N49E006.hgt.aux.xml","N49E006.hgt.aux.xml",".xml","478","file","2","23/01/2024 12:05:00","23/01/2024 12:05:00",,
"C:\Users\abc_0\Documents\Temp\Data\N49E007.hgt","N49E007.hgt",".hgt","25934402","file","2","22/01/2024 13:58:49","22/01/2024 13:58:49",,
"C:\Users\abc_0\Documents\Temp\Data\N49E007.hgt.aux.xml","N49E007.hgt.aux.xml",".xml","476","file","2","23/01/2024 12:05:00","23/01/2024 12:05:00",,
"C:\Users\abc_0\Documents\Temp\Data\N49E008.hgt","N49E008.hgt",".hgt","25934402","file","2","22/01/2024 13:58:47","22/01/2024 13:58:47",,
"C:\Users\abc_0\Documents\Temp\Data\N49E008.hgt.aux.xml","N49E008.hgt.aux.xml",".xml","476","file","2","23/01/2024 12:05:00","23/01/2024 12:05:00",,
"C:\Users\abc_0\Documents\Temp\Data\N49E009.hgt","N49E009.hgt",".hgt","25934402","file","2","22/01/2024 13:58:48","22/01/2024 13:58:48",,
"C:\Users\abc_0\Documents\Temp\Data\N49E009.hgt.aux.xml","N49E009.hgt.aux.xml",".xml","477","file","2","23/01/2024 12:05:00","23/01/2024 12:05:00",,
"C:\Users\abc_0\Documents\Temp\Data\N49E010.hgt","N49E010.hgt",".hgt","25934402","file","2","22/01/2024 13:58:54","22/01/2024 13:58:54",,
"C:\Users\abc_0\Documents\Temp\Data\N49E010.hgt.aux.xml","N49E010.hgt.aux.xml",".xml","478","file","2","23/01/2024 12:05:00","23/01/2024 12:05:00",,
"C:\Users\abc_0\Documents\Temp\Data\N49E011.hgt","N49E011.hgt",".hgt","25934402","file","2","22/01/2024 13:58:52","22/01/2024 13:58:52",,
"C:\Users\abc_0\Documents\Temp\Data\N49E011.hgt.aux.xml","N49E011.hgt.aux.xml",".xml","478","file","2","23/01/2024 12:05:00","23/01/2024 12:05:00",,
"C:\Users\abc_0\Documents\Temp\Data\N49E012.hgt","N49E012.hgt",".hgt","25934402","file","2","22/01/2024 13:58:50","22/01/2024 13:58:50",,
"C:\Users\abc_0\Documents\Temp\Data\N49E012.hgt.aux.xml","N49E012.hgt.aux.xml",".xml","479","file","2","23/01/2024 12:05:00","23/01/2024 12:05:00",,
"C:\Users\abc_0\Documents\Temp\Data\N49E013.hgt","N49E013.hgt",".hgt","25934402","file","2","22/01/2024 13:58:57","22/01/2024 13:58:57",,
"C:\Users\abc_0\Documents\Temp\Data\N49E013.hgt.aux.xml","N49E013.hgt.aux.xml",".xml","478","file","2","23/01/2024 12:05:00","23/01/2024 12:05:00",,
"C:\Users\abc_0\Documents\Temp\Data\N49E014.hgt","N49E014.hgt",".hgt","25934402","file","2","22/01/2024 13:58:55","22/01/2024 13:58:55",,
"C:\Users\abc_0\Documents\Temp\Data\N49E014.hgt.aux.xml","N49E014.hgt.aux.xml",".xml","478","file","2","23/01/2024 12:05:00","23/01/2024 12:05:00",,
"C:\Users\abc_0\Documents\Temp\Data\N49E015.hgt","N49E015.hgt",".hgt","25934402","file","2","22/01/2024 13:59:00","22/01/2024 13:59:00",,
"C:\Users\abc_0\Documents\Temp\Data\N49E015.hgt.aux.xml","N49E015.hgt.aux.xml",".xml","478","file","2","23/01/2024 12:05:00","23/01/2024 12:05:00",,
"C:\Users\abc_0\Documents\Temp\Data\N49W001.hgt","N49W001.hgt",".hgt","25934402","file","2","22/01/2024 13:58:35","22/01/2024 13:58:35",,
"C:\Users\abc_0\Documents\Temp\Data\N49W001.hgt.aux.xml","N49W001.hgt.aux.xml",".xml","477","file","2","23/01/2024 12:05:00","23/01/2024 12:05:00",,
"C:\Users\abc_0\Documents\Temp\Data\N49W002.hgt","N49W002.hgt",".hgt","25934402","file","2","22/01/2024 13:58:33","22/01/2024 13:58:33",,
"C:\Users\abc_0\Documents\Temp\Data\N49W002.hgt.aux.xml","N49W002.hgt.aux.xml",".xml","478","file","2","23/01/2024 12:05:00","23/01/2024 12:05:00",,
"C:\Users\abc_0\Documents\Temp\Data\N49W003.hgt","N49W003.hgt",".hgt","25934402","file","2","22/01/2024 13:58:34","22/01/2024 13:58:34",,
"C:\Users\abc_0\Documents\Temp\Data\N49W003.hgt.aux.xml","N49W003.hgt.aux.xml",".xml","477","file","2","23/01/2024 12:05:00","23/01/2024 12:05:00",,
"C:\Users\abc_0\Documents\Temp\Data\N49W006.hgt","N49W006.hgt",".hgt","25934402","file","2","22/01/2024 13:58:30","22/01/2024 13:58:30",,
"C:\Users\abc_0\Documents\Temp\Data\N49W006.hgt.aux.xml","N49W006.hgt.aux.xml",".xml","477","file","2","23/01/2024 12:05:00","23/01/2024 12:05:00",,
"C:\Users\abc_0\Documents\Temp\Data\N49W007.hgt","N49W007.hgt",".hgt","25934402","file","2","22/01/2024 13:58:29","22/01/2024 13:58:29",,
"C:\Users\abc_0\Documents\Temp\Data\N49W007.hgt.aux.xml","N49W007.hgt.aux.xml",".xml","478","file","2","23/01/2024 12:05:00","23/01/2024 12:05:00",,
"C:\Users\abc_0\Documents\Temp\Data\N50E000.hgt","N50E000.hgt",".hgt","25934402","file","2","22/01/2024 13:59:09","22/01/2024 13:59:09",,
"C:\Users\abc_0\Documents\Temp\Data\N50E000.hgt.aux.xml","N50E000.hgt.aux.xml",".xml","477","file","2","23/01/2024 12:05:00","23/01/2024 12:05:00",,
"C:\Users\abc_0\Documents\Temp\Data\N50E001.hgt","N50E001.hgt",".hgt","25934402","file","2","22/01/2024 13:59:04","22/01/2024 13:59:05",,
"C:\Users\abc_0\Documents\Temp\Data\N50E001.hgt.aux.xml","N50E001.hgt.aux.xml",".xml","477","file","2","23/01/2024 12:05:00","23/01/2024 12:05:00",,
"C:\Users\abc_0\Documents\Temp\Data\N50E002.hgt","N50E002.hgt",".hgt","25934402","file","2","22/01/2024 13:59:15","22/01/2024 13:59:15",,
"C:\Users\abc_0\Documents\Temp\Data\N50E002.hgt.aux.xml","N50E002.hgt.aux.xml",".xml","477","file","2","23/01/2024 12:05:00","23/01/2024 12:05:00",,
"C:\Users\abc_0\Documents\Temp\Data\N50E003.hgt","N50E003.hgt",".hgt","25934402","file","2","22/01/2024 13:59:13","22/01/2024 13:59:13",,
"C:\Users\abc_0\Documents\Temp\Data\N50E003.hgt.aux.xml","N50E003.hgt.aux.xml",".xml","478","file","2","23/01/2024 12:05:00","23/01/2024 12:05:00",,
"C:\Users\abc_0\Documents\Temp\Data\N50E004.hgt","N50E004.hgt",".hgt","25934402","file","2","22/01/2024 13:59:16","22/01/2024 13:59:16",,
"C:\Users\abc_0\Documents\Temp\Data\N50E004.hgt.aux.xml","N50E004.hgt.aux.xml",".xml","477","file","2","23/01/2024 12:05:00","23/01/2024 12:05:00",,
"C:\Users\abc_0\Documents\Temp\Data\N50E005.hgt","N50E005.hgt",".hgt","25934402","file","2","22/01/2024 13:59:20","22/01/2024 13:59:20",,
"C:\Users\abc_0\Documents\Temp\Data\N50E005.hgt.aux.xml","N50E005.hgt.aux.xml",".xml","477","file","2","23/01/2024 12:05:00","23/01/2024 12:05:00",,
"C:\Users\abc_0\Documents\Temp\Data\N50E006.hgt","N50E006.hgt",".hgt","25934402","file","2","22/01/2024 13:59:17","22/01/2024 13:59:17",,
"C:\Users\abc_0\Documents\Temp\Data\N50E006.hgt.aux.xml","N50E006.hgt.aux.xml",".xml","479","file","2","23/01/2024 12:05:00","23/01/2024 12:05:00",,
"C:\Users\abc_0\Documents\Temp\Data\N50E007.hgt","N50E007.hgt",".hgt","25934402","file","2","22/01/2024 13:59:23","22/01/2024 13:59:23",,
"C:\Users\abc_0\Documents\Temp\Data\N50E007.hgt.aux.xml","N50E007.hgt.aux.xml",".xml","477","file","2","23/01/2024 12:05:00","23/01/2024 12:05:00",,
"C:\Users\abc_0\Documents\Temp\Data\N50E008.hgt","N50E008.hgt",".hgt","25934402","file","2","22/01/2024 13:59:26","22/01/2024 13:59:26",,
"C:\Users\abc_0\Documents\Temp\Data\N50E008.hgt.aux.xml","N50E008.hgt.aux.xml",".xml","477","file","2","23/01/2024 12:05:00","23/01/2024 12:05:00",,
"C:\Users\abc_0\Documents\Temp\Data\N50E009.hgt","N50E009.hgt",".hgt","25934402","file","2","22/01/2024 13:59:21","22/01/2024 13:59:22",,
"C:\Users\abc_0\Documents\Temp\Data\N50E009.hgt.aux.xml","N50E009.hgt.aux.xml",".xml","477","file","2","23/01/2024 12:05:00","23/01/2024 12:05:00",,
"C:\Users\abc_0\Documents\Temp\Data\N50E010.hgt","N50E010.hgt",".hgt","25934402","file","2","22/01/2024 13:59:27","22/01/2024 13:59:27",,
"C:\Users\abc_0\Documents\Temp\Data\N50E010.hgt.aux.xml","N50E010.hgt.aux.xml",".xml","478","file","2","23/01/2024 12:05:00","23/01/2024 12:05:00",,
"C:\Users\abc_0\Documents\Temp\Data\N50E011.hgt","N50E011.hgt",".hgt","25934402","file","2","22/01/2024 13:59:33","22/01/2024 13:59:33",,
"C:\Users\abc_0\Documents\Temp\Data\N50E011.hgt.aux.xml","N50E011.hgt.aux.xml",".xml","479","file","2","23/01/2024 12:05:00","23/01/2024 12:05:00",,
"C:\Users\abc_0\Documents\Temp\Data\N50E012.hgt","N50E012.hgt",".hgt","25934402","file","2","22/01/2024 13:59:25","22/01/2024 13:59:25",,
"C:\Users\abc_0\Documents\Temp\Data\N50E012.hgt.aux.xml","N50E012.hgt.aux.xml",".xml","479","file","2","23/01/2024 12:05:00","23/01/2024 12:05:00",,
"C:\Users\abc_0\Documents\Temp\Data\N50E013.hgt","N50E013.hgt",".hgt","25934402","file","2","22/01/2024 13:59:34","22/01/2024 13:59:34",,
"C:\Users\abc_0\Documents\Temp\Data\N50E013.hgt.aux.xml","N50E013.hgt.aux.xml",".xml","478","file","2","23/01/2024 12:05:00","23/01/2024 12:05:00",,
"C:\Users\abc_0\Documents\Temp\Data\N50E014.hgt","N50E014.hgt",".hgt","25934402","file","2","22/01/2024 13:59:36","22/01/2024 13:59:37",,
"C:\Users\abc_0\Documents\Temp\Data\N50E014.hgt.aux.xml","N50E014.hgt.aux.xml",".xml","477","file","2","23/01/2024 12:05:00","23/01/2024 12:05:00",,
"C:\Users\abc_0\Documents\Temp\Data\N50E015.hgt","N50E015.hgt",".hgt","25934402","file","2","22/01/2024 13:59:38","22/01/2024 13:59:38",,
"C:\Users\abc_0\Documents\Temp\Data\N50E015.hgt.aux.xml","N50E015.hgt.aux.xml",".xml","479","file","2","23/01/2024 12:05:00","23/01/2024 12:05:00",,
"C:\Users\abc_0\Documents\Temp\Data\N50W001.hgt","N50W001.hgt",".hgt","25934402","file","2","22/01/2024 13:59:11","22/01/2024 13:59:11",,
"C:\Users\abc_0\Documents\Temp\Data\N50W001.hgt.aux.xml","N50W001.hgt.aux.xml",".xml","476","file","2","23/01/2024 12:05:00","23/01/2024 12:05:00",,
"C:\Users\abc_0\Documents\Temp\Data\N50W002.hgt","N50W002.hgt",".hgt","25934402","file","2","22/01/2024 13:59:06","22/01/2024 13:59:06",,
"C:\Users\abc_0\Documents\Temp\Data\N50W002.hgt.aux.xml","N50W002.hgt.aux.xml",".xml","477","file","2","23/01/2024 12:05:00","23/01/2024 12:05:00",,
"C:\Users\abc_0\Documents\Temp\Data\N50W003.hgt","N50W003.hgt",".hgt","25934402","file","2","22/01/2024 13:59:02","22/01/2024 13:59:02",,
"C:\Users\abc_0\Documents\Temp\Data\N50W003.hgt.aux.xml","N50W003.hgt.aux.xml",".xml","476","file","2","23/01/2024 12:05:00","23/01/2024 12:05:00",,
"C:\Users\abc_0\Documents\Temp\Data\N50W004.hgt","N50W004.hgt",".hgt","25934402","file","2","22/01/2024 13:59:07","22/01/2024 13:59:07",,
"C:\Users\abc_0\Documents\Temp\Data\N50W004.hgt.aux.xml","N50W004.hgt.aux.xml",".xml","477","file","2","23/01/2024 12:05:00","23/01/2024 12:05:00",,
"C:\Users\abc_0\Documents\Temp\Data\N50W005.hgt","N50W005.hgt",".hgt","25934402","file","2","22/01/2024 13:59:03","22/01/2024 13:59:03",,
"C:\Users\abc_0\Documents\Temp\Data\N50W005.hgt.aux.xml","N50W005.hgt.aux.xml",".xml","478","file","2","23/01/2024 12:05:00","23/01/2024 12:05:00",,
"C:\Users\abc_0\Documents\Temp\Data\N50W006.hgt","N50W006.hgt",".hgt","25934402","file","2","22/01/2024 13:58:59","22/01/2024 13:58:59",,
"C:\Users\abc_0\Documents\Temp\Data\N50W006.hgt.aux.xml","N50W006.hgt.aux.xml",".xml","476","file","2","23/01/2024 12:05:00","23/01/2024 12:05:00",,
"C:\Users\abc_0\Documents\Temp\Data\N51E000.hgt","N51E000.hgt",".hgt","25934402","file","2","22/01/2024 13:59:57","22/01/2024 13:59:57",,
"C:\Users\abc_0\Documents\Temp\Data\N51E000.hgt.aux.xml","N51E000.hgt.aux.xml",".xml","477","file","2","23/01/2024 12:05:00","23/01/2024 12:05:00",,
"C:\Users\abc_0\Documents\Temp\Data\N51E001.hgt","N51E001.hgt",".hgt","25934402","file","2","22/01/2024 13:59:42","22/01/2024 13:59:42",,
"C:\Users\abc_0\Documents\Temp\Data\N51E001.hgt.aux.xml","N51E001.hgt.aux.xml",".xml","477","file","2","23/01/2024 12:05:00","23/01/2024 12:05:00",,
"C:\Users\abc_0\Documents\Temp\Data\N51E002.hgt","N51E002.hgt",".hgt","25934402","file","2","22/01/2024 13:59:53","22/01/2024 13:59:53",,
"C:\Users\abc_0\Documents\Temp\Data\N51E002.hgt.aux.xml","N51E002.hgt.aux.xml",".xml","477","file","2","23/01/2024 12:05:00","23/01/2024 12:05:00",,
"C:\Users\abc_0\Documents\Temp\Data\N51E003.hgt","N51E003.hgt",".hgt","25934402","file","2","22/01/2024 13:59:55","22/01/2024 13:59:55",,
"C:\Users\abc_0\Documents\Temp\Data\N51E003.hgt.aux.xml","N51E003.hgt.aux.xml",".xml","477","file","2","23/01/2024 12:05:01","23/01/2024 12:05:01",,
"C:\Users\abc_0\Documents\Temp\Data\N51E004.hgt","N51E004.hgt",".hgt","25934402","file","2","22/01/2024 13:59:51","22/01/2024 13:59:52",,
"C:\Users\abc_0\Documents\Temp\Data\N51E004.hgt.aux.xml","N51E004.hgt.aux.xml",".xml","476","file","2","23/01/2024 12:05:01","23/01/2024 12:05:01",,
"C:\Users\abc_0\Documents\Temp\Data\N51E005.hgt","N51E005.hgt",".hgt","25934402","file","2","22/01/2024 14:00:01","22/01/2024 14:00:01",,
"C:\Users\abc_0\Documents\Temp\Data\N51E005.hgt.aux.xml","N51E005.hgt.aux.xml",".xml","478","file","2","23/01/2024 12:05:01","23/01/2024 12:05:01",,
"C:\Users\abc_0\Documents\Temp\Data\N51E006.hgt","N51E006.hgt",".hgt","25934402","file","2","22/01/2024 14:00:05","22/01/2024 14:00:05",,
"C:\Users\abc_0\Documents\Temp\Data\N51E006.hgt.aux.xml","N51E006.hgt.aux.xml",".xml","478","file","2","23/01/2024 12:05:01","23/01/2024 12:05:01",,
"C:\Users\abc_0\Documents\Temp\Data\N51E007.hgt","N51E007.hgt",".hgt","25934402","file","2","22/01/2024 14:00:08","22/01/2024 14:00:08",,
"C:\Users\abc_0\Documents\Temp\Data\N51E007.hgt.aux.xml","N51E007.hgt.aux.xml",".xml","477","file","2","23/01/2024 12:05:01","23/01/2024 12:05:01",,
"C:\Users\abc_0\Documents\Temp\Data\N51E008.hgt","N51E008.hgt",".hgt","25934402","file","2","22/01/2024 14:00:11","22/01/2024 14:00:11",,
"C:\Users\abc_0\Documents\Temp\Data\N51E008.hgt.aux.xml","N51E008.hgt.aux.xml",".xml","477","file","2","23/01/2024 12:05:01","23/01/2024 12:05:01",,
"C:\Users\abc_0\Documents\Temp\Data\N51E009.hgt","N51E009.hgt",".hgt","25934402","file","2","22/01/2024 13:59:59","22/01/2024 13:59:59",,
"C:\Users\abc_0\Documents\Temp\Data\N51E009.hgt.aux.xml","N51E009.hgt.aux.xml",".xml","477","file","2","23/01/2024 12:05:01","23/01/2024 12:05:01",,
"C:\Users\abc_0\Documents\Temp\Data\N51E010.hgt","N51E010.hgt",".hgt","25934402","file","2","22/01/2024 14:00:09","22/01/2024 14:00:09",,
"C:\Users\abc_0\Documents\Temp\Data\N51E010.hgt.aux.xml","N51E010.hgt.aux.xml",".xml","478","file","2","23/01/2024 12:05:01","23/01/2024 12:05:01",,
"C:\Users\abc_0\Documents\Temp\Data\N51E011.hgt","N51E011.hgt",".hgt","25934402","file","2","22/01/2024 14:00:06","22/01/2024 14:00:06",,
"C:\Users\abc_0\Documents\Temp\Data\N51E011.hgt.aux.xml","N51E011.hgt.aux.xml",".xml","477","file","2","23/01/2024 12:05:01","23/01/2024 12:05:01",,
"C:\Users\abc_0\Documents\Temp\Data\N51E012.hgt","N51E012.hgt",".hgt","25934402","file","2","22/01/2024 14:00:15","22/01/2024 14:00:15",,
"C:\Users\abc_0\Documents\Temp\Data\N51E012.hgt.aux.xml","N51E012.hgt.aux.xml",".xml","477","file","2","23/01/2024 12:05:01","23/01/2024 12:05:01",,
"C:\Users\abc_0\Documents\Temp\Data\N51E013.hgt","N51E013.hgt",".hgt","25934402","file","2","22/01/2024 14:00:18","22/01/2024 14:00:18",,
"C:\Users\abc_0\Documents\Temp\Data\N51E013.hgt.aux.xml","N51E013.hgt.aux.xml",".xml","476","file","2","23/01/2024 12:05:01","23/01/2024 12:05:01",,
"C:\Users\abc_0\Documents\Temp\Data\N51E014.hgt","N51E014.hgt",".hgt","25934402","file","2","22/01/2024 14:00:17","22/01/2024 14:00:17",,
"C:\Users\abc_0\Documents\Temp\Data\N51E014.hgt.aux.xml","N51E014.hgt.aux.xml",".xml","475","file","2","23/01/2024 12:05:01","23/01/2024 12:05:01",,
"C:\Users\abc_0\Documents\Temp\Data\N51E015.hgt","N51E015.hgt",".hgt","25934402","file","2","22/01/2024 14:00:13","22/01/2024 14:00:13",,
"C:\Users\abc_0\Documents\Temp\Data\N51E015.hgt.aux.xml","N51E015.hgt.aux.xml",".xml","477","file","2","23/01/2024 12:05:01","23/01/2024 12:05:01",,
"C:\Users\abc_0\Documents\Temp\Data\N51E015.SRTMGL1.hgt.zip","N51E015.SRTMGL1.hgt.zip",".zip","5060851","file","2","22/01/2024 13:56:12","22/01/2024 14:00:18",,
"C:\Users\abc_0\Documents\Temp\Data\N51W001.hgt","N51W001.hgt",".hgt","25934402","file","2","22/01/2024 13:59:48","22/01/2024 13:59:49",,
"C:\Users\abc_0\Documents\Temp\Data\N51W001.hgt.aux.xml","N51W001.hgt.aux.xml",".xml","476","file","2","23/01/2024 12:05:01","23/01/2024 12:05:01",,
"C:\Users\abc_0\Documents\Temp\Data\N51W002.hgt","N51W002.hgt",".hgt","25934402","file","2","22/01/2024 13:59:44","22/01/2024 13:59:44",,
"C:\Users\abc_0\Documents\Temp\Data\N51W002.hgt.aux.xml","N51W002.hgt.aux.xml",".xml","477","file","2","23/01/2024 12:05:01","23/01/2024 12:05:01",,
"C:\Users\abc_0\Documents\Temp\Data\N51W003.hgt","N51W003.hgt",".hgt","25934402","file","2","22/01/2024 13:59:46","22/01/2024 13:59:46",,
"C:\Users\abc_0\Documents\Temp\Data\N51W003.hgt.aux.xml","N51W003.hgt.aux.xml",".xml","477","file","2","23/01/2024 12:05:01","23/01/2024 12:05:01",,
"C:\Users\abc_0\Documents\Temp\Data\N51W004.hgt","N51W004.hgt",".hgt","25934402","file","2","22/01/2024 13:59:47","22/01/2024 13:59:47",,
"C:\Users\abc_0\Documents\Temp\Data\N51W004.hgt.aux.xml","N51W004.hgt.aux.xml",".xml","476","file","2","23/01/2024 12:05:01","23/01/2024 12:05:01",,
"C:\Users\abc_0\Documents\Temp\Data\N51W005.hgt","N51W005.hgt",".hgt","25934402","file","2","22/01/2024 13:59:41","22/01/2024 13:59:41",,
"C:\Users\abc_0\Documents\Temp\Data\N51W005.hgt.aux.xml","N51W005.hgt.aux.xml",".xml","477","file","2","23/01/2024 12:05:01","23/01/2024 12:05:01",,
"C:\Users\abc_0\Documents\Temp\Data\N51W006.hgt","N51W006.hgt",".hgt","25934402","file","2","22/01/2024 13:59:35","22/01/2024 13:59:35",,
"C:\Users\abc_0\Documents\Temp\Data\N51W006.hgt.aux.xml","N51W006.hgt.aux.xml",".xml","477","file","2","23/01/2024 12:05:01","23/01/2024 12:05:01",,
"C:\Users\abc_0\Documents\Temp\Data\N51W008.hgt","N51W008.hgt",".hgt","25934402","file","2","22/01/2024 13:59:29","22/01/2024 13:59:30",,
"C:\Users\abc_0\Documents\Temp\Data\N51W008.hgt.aux.xml","N51W008.hgt.aux.xml",".xml","476","file","2","23/01/2024 12:05:01","23/01/2024 12:05:01",,
"C:\Users\abc_0\Documents\Temp\Data\N51W009.hgt","N51W009.hgt",".hgt","25934402","file","2","22/01/2024 13:59:32","22/01/2024 13:59:32",,
"C:\Users\abc_0\Documents\Temp\Data\N51W009.hgt.aux.xml","N51W009.hgt.aux.xml",".xml","478","file","2","23/01/2024 12:05:01","23/01/2024 12:05:01",,
"C:\Users\abc_0\Documents\Temp\Sydeo\AndreasRey_bail.jpg","AndreasRey_bail.jpg",".jpg","1634292","file","2","16/01/2024 23:33:07","16/01/2024 23:33:24",,
"C:\Users\abc_0\Documents\Temp\Sydeo\AndreasRey_CNI.pdf","AndreasRey_CNI.pdf",".pdf","90754","file","2","16/01/2024 23:37:33","12/08/2019 16:26:06",,
"C:\Users\abc_0\Documents\Temp\Sydeo\AndreasRey_compteur_eau.jpg","AndreasRey_compteur_eau.jpg",".jpg","104171","file","2","16/01/2024 23:40:52","16/01/2024 23:38:45",,
"C:\Users\abc_0\Documents\Temp\Sydeo\AndreasRey_etat_des_lieux.pdf","AndreasRey_etat_des_lieux.pdf",".pdf","277254","file","2","16/01/2024 23:30:42","16/01/2024 23:30:43",,
"C:\Users\abc_0\Documents\Temp\Sydeo\AndreasRey_formulaire_emmenagement.pdf","AndreasRey_formulaire_emmenagement.pdf",".pdf","2094916","file","2","04/01/2024 21:58:15","04/01/2024 21:58:40",,
